,a,b
astropy__astropy-12907,1.921731865617068,-0.7770414352416992
astropy__astropy-13033,1.1389973084608769,5.262188911437988
astropy__astropy-13236,0.5777653616426424,4.497326850891113
astropy__astropy-13398,1.7532334112789227,5.2764177322387695
astropy__astropy-13453,1.555252162456362,-0.0697794035077095
astropy__astropy-13579,2.02246095881968,-0.9637231826782227
astropy__astropy-13977,1.6422439848750987,5.2865166664123535
astropy__astropy-14096,1.017316757486899,-1.006667137145996
astropy__astropy-14182,1.3122946451733997,3.353109359741211
astropy__astropy-14309,1.1227911221650846,-3.807506799697876
astropy__astropy-14365,1.4342012885213924,2.6176857948303223
astropy__astropy-14369,1.431512997980932,1.9803497791290283
astropy__astropy-14508,1.7901881924257015,-0.27761468291282654
astropy__astropy-14539,1.4951819063498777,-1.30504310131073
astropy__astropy-14598,1.0042713448200027,3.7950801849365234
astropy__astropy-14995,1.5654674824285024,-2.1837992668151855
astropy__astropy-7166,0.9253138636440691,-1.8513764142990112
astropy__astropy-7336,0.9686528983757703,-3.498389720916748
astropy__astropy-7606,0.5190342933453005,6.26614236831665
astropy__astropy-7671,0.6564469092644417,-3.2060208320617676
astropy__astropy-8707,0.5966877371489173,4.996005535125732
astropy__astropy-8872,0.7263917208931722,4.817831993103027
django__django-10097,0.49201789158769693,1.6640820503234863
django__django-10554,1.7404252524321107,5.317408561706543
django__django-10880,1.308552525425583,-1.4724162817001343
django__django-10914,1.1653926477911558,-2.728720188140869
django__django-10973,1.0248367765003115,-1.9378159046173096
django__django-10999,1.4855071288373893,5.317017078399658
django__django-11066,1.403881511638948,-4.178528785705566
django__django-11087,1.7882063118601765,5.371923446655273
django__django-11095,2.3101069073291254,-2.2952358722686768
django__django-11099,1.1527622246212428,-3.9702250957489014
django__django-11119,0.9485483714993257,-3.932681083679199
django__django-11133,0.9523760242502255,-3.482600688934326
django__django-11138,1.6419203098599018,2.3949661254882812
django__django-11141,0.8841190982093873,2.7230496406555176
django__django-11149,1.1521393823514905,1.469435453414917
django__django-11163,1.1023918237059038,-3.5191538333892822
django__django-11179,1.8471206658770758,-2.0918798446655273
django__django-11206,0.5896373835221334,1.2510275840759277
django__django-11211,1.7155124368776675,-0.6063480973243713
django__django-11239,1.2792086112003325,0.632518470287323
django__django-11265,0.7223018393531989,1.9164605140686035
django__django-11276,0.6564617582369797,-1.943549394607544
django__django-11292,1.9434832995189184,-1.5197348594665527
django__django-11299,1.729513848908565,-0.06008966639637947
django__django-11333,1.7432636419959644,0.27216222882270813
django__django-11400,1.8286076766765362,5.474797248840332
django__django-11433,1.4795498825781228,2.201382875442505
django__django-11451,0.8856636556452344,-2.018632411956787
django__django-11477,0.8476895732258652,5.383991718292236
django__django-11490,1.1651122254201207,0.852824330329895
django__django-11532,0.500409829639824,0.9873342514038086
django__django-11551,1.4353540901669026,-2.463383674621582
django__django-11555,1.08615771545972,0.5302227139472961
django__django-11603,1.2024810555011372,-3.3169126510620117
django__django-11728,1.099524257663746,2.895214796066284
django__django-11734,1.3163829294663465,3.743959426879883
django__django-11740,1.6640660779452427,-0.23480041325092316
django__django-11749,1.1324616435867565,-1.2580026388168335
django__django-11790,0.27734326578146407,4.388110637664795
django__django-11815,0.7079418862294379,-1.0355595350265503
django__django-11820,1.4429694708621386,4.478906631469727
django__django-11848,0.4402019095838048,2.064138650894165
django__django-11880,1.5112859137844143,-2.854905843734741
django__django-11885,1.578105955174158,2.906052827835083
django__django-11951,1.13463010339769,-1.815656065940857
django__django-11964,0.536952745390072,2.417586326599121
django__django-11999,0.9973191984352576,-2.221611499786377
django__django-12039,1.0308584288907696,-0.24522747099399567
django__django-12050,1.529941074987166,-2.2262463569641113
django__django-12125,0.7690104211344784,0.1990937441587448
django__django-12143,1.1454879294546187,-3.2711105346679688
django__django-12155,0.7587687261676498,-4.275707721710205
django__django-12193,0.3305584636691823,-0.06539877504110336
django__django-12209,1.223576300976697,-1.9982801675796509
django__django-12262,1.145922198456146,-0.7037855386734009
django__django-12273,0.8359433590075079,3.113971471786499
django__django-12276,0.9676349343886301,-2.195312976837158
django__django-12304,1.8116767991261196,-0.6164298057556152
django__django-12308,0.49552364243137087,3.395331859588623
django__django-12325,0.5054438474831946,4.041969299316406
django__django-12406,1.319586838209738,4.321057319641113
django__django-12419,0.9573452282747317,-3.759657621383667
django__django-12663,1.4667340479537208,0.5450809001922607
django__django-12708,1.683877266387709,-0.6953372955322266
django__django-12713,1.2335409573156655,-2.1291916370391846
django__django-12741,1.1819510452920945,-1.2127995491027832
django__django-12754,2.039348007698163,0.48892736434936523
django__django-12774,1.382815686817787,0.25596415996551514
django__django-12858,1.3633560832644984,-0.7949172258377075
django__django-12965,1.8862521623238422,0.6448087096214294
django__django-13012,1.3982034330188469,-1.0610836744308472
django__django-13023,1.1561769191481026,0.3724009096622467
django__django-13028,1.3589036103088672,-1.5427908897399902
django__django-13033,1.5025935486070598,-0.14824452996253967
django__django-13089,1.092840108205697,-3.24985933303833
django__django-13109,0.887005594802377,-2.9055776596069336
django__django-13112,1.7193685139580852,0.7256934642791748
django__django-13121,1.8794143757587343,-0.032171256840229034
django__django-13128,1.9575454325491948,0.34104636311531067
django__django-13158,1.5985722327382186,-0.1510072499513626
django__django-13195,1.4725603451363167,4.108736991882324
django__django-13212,2.0770331821458456,5.446451663970947
django__django-13279,1.310116221992444,-0.7653746604919434
django__django-13297,1.5464251743362631,0.336150199174881
django__django-13315,1.0385920252245973,-0.6358875036239624
django__django-13343,1.0077181061191,-1.0865343809127808
django__django-13344,1.5457195581063314,3.747650146484375
django__django-13346,1.7515018517501246,0.5457929968833923
django__django-13363,1.5305683737427784,-2.5226826667785645
django__django-13401,0.8340451621532162,-0.8849180340766907
django__django-13406,1.0795994079210192,0.14357928931713104
django__django-13410,1.0733651944223643,-3.3756790161132812
django__django-13417,1.539854622033635,-1.8673588037490845
django__django-13449,1.8695394724790415,-0.2708688974380493
django__django-13512,1.083392350511759,1.1812095642089844
django__django-13513,1.6945383237931089,5.533644199371338
django__django-13516,1.3772766614800074,-2.051905870437622
django__django-13551,1.2185009882545177,0.41622889041900635
django__django-13568,1.3323550422433041,0.6578009724617004
django__django-13569,1.1423437715477636,-1.1097313165664673
django__django-13590,1.1668260254604106,-1.0977978706359863
django__django-13658,0.9830630077519754,-4.640775203704834
django__django-13670,1.3994369001330225,-3.0472605228424072
django__django-13741,1.0522730989723785,-3.368004083633423
django__django-13786,0.9443425798089675,-2.4776499271392822
django__django-13794,0.6484963830604853,5.264934062957764
django__django-13807,1.4809879579556968,0.9718550443649292
django__django-13809,0.6711163821395701,-1.7763792276382446
django__django-13810,0.7915833656422714,-1.192070722579956
django__django-13820,1.2929720641210556,-2.7575955390930176
django__django-13821,1.720423688428886,-2.231306552886963
django__django-13837,1.305292390762532,-1.4213138818740845
django__django-13925,0.8642151124033023,0.5636756420135498
django__django-13933,1.3292762087438126,-1.8893609046936035
django__django-13964,1.2022771259758516,-0.0037331730127334595
django__django-14007,1.3034008135519946,-0.6119184494018555
django__django-14011,1.7415610290263603,5.381687164306641
django__django-14017,1.5025206472700632,-0.6188424825668335
django__django-14034,1.5276612983305033,5.443878650665283
django__django-14053,0.5920055660227503,-1.7644023895263672
django__django-14089,0.877980193147125,-3.3078091144561768
django__django-14122,1.2562422785215095,-0.5124093294143677
django__django-14140,0.436243746356454,2.778129816055298
django__django-14155,1.6369374989847216,5.330556392669678
django__django-14170,1.6173877872164788,4.061619758605957
django__django-14238,1.3387949546407587,-1.9492725133895874
django__django-14311,1.4346392953455565,0.2550450265407562
django__django-14315,1.0620909159285072,4.703498840332031
django__django-14349,1.3411491996341798,-2.0287461280822754
django__django-14351,0.9626597538582125,0.8031742572784424
django__django-14373,1.9245553892172482,-4.281899929046631
django__django-14376,1.1075777564572764,2.0220019817352295
django__django-14404,1.0213433868415718,1.6019401550292969
django__django-14434,1.251240051593828,-1.094016194343567
django__django-14493,1.3718994412035017,-1.6976906061172485
django__django-14500,0.8117962703278989,-1.337781548500061
django__django-14534,0.8910190212467246,3.3399109840393066
django__django-14539,1.0317064236626636,-1.543152928352356
django__django-14559,0.9073395159120251,-1.2745572328567505
django__django-14580,1.3574396502940267,-0.2636282444000244
django__django-14608,1.1834771792218854,-1.4549092054367065
django__django-14631,1.1706362790118963,0.8004404902458191
django__django-14672,1.3862896485433394,-2.1548938751220703
django__django-14725,1.1647589372349791,3.316103219985962
django__django-14752,1.8185381269071503,-2.9677674770355225
django__django-14765,1.2921251810490686,-3.0886945724487305
django__django-14771,0.9586092948468387,0.4132314920425415
django__django-14787,1.608201096736384,-1.415933609008789
django__django-14792,1.3676056030287096,4.751957893371582
django__django-14855,0.9643090395363345,-3.570312261581421
django__django-14915,1.787188604395395,-2.754331350326538
django__django-14999,0.7391747331453065,-0.6657195091247559
django__django-15022,0.4926018949376416,-0.4345422387123108
django__django-15037,1.3072020234180468,0.13450348377227783
django__django-15098,1.4630794265826705,4.140433311462402
django__django-15103,1.2880293553168607,-1.3546922206878662
django__django-15104,1.4784368391927838,-3.1622140407562256
django__django-15127,0.7359058114798366,2.6783387660980225
django__django-15128,0.819368267746782,0.25491300225257874
django__django-15161,1.5198307043062294,0.09032310545444489
django__django-15252,1.4411982415207019,4.4542927742004395
django__django-15268,1.2855396898107059,0.4488552212715149
django__django-15277,1.4037443284924345,-3.2612955570220947
django__django-15278,2.0160785074326544,-1.3860890865325928
django__django-15280,2.0119618071882424,2.6019394397735596
django__django-15315,1.0609949702520811,-2.423654079437256
django__django-15368,1.3892764817261631,-3.155463218688965
django__django-15375,1.8763208652765013,0.36706963181495667
django__django-15380,0.9529200336540715,-1.6540489196777344
django__django-15382,2.061877709043817,-0.6017987728118896
django__django-15467,1.6887159684559758,-3.6567840576171875
django__django-15499,1.378788806289084,-2.070155143737793
django__django-15503,1.6321051706403553,2.0251545906066895
django__django-15525,1.651146229590064,-0.45469972491264343
django__django-15554,1.728358319910617,1.8200429677963257
django__django-15561,1.7222566349131254,-1.3834668397903442
django__django-15563,0.8073638430200252,3.0086610317230225
django__django-15569,1.2363755746314937,-3.473687171936035
django__django-15572,0.918970231338029,-1.811971664428711
django__django-15629,1.658864575291922,5.1788225173950195
django__django-15695,0.8493194218122869,4.065666198730469
django__django-15731,1.2551571680088354,-2.515591859817505
django__django-15732,0.6879684761629716,3.3109374046325684
django__django-15741,0.7615969999155546,-2.7600326538085938
django__django-15814,1.1642706864909138,-1.4000673294067383
django__django-15851,1.6908733822384094,-2.7480413913726807
django__django-15863,1.5727283234598453,-1.5886484384536743
django__django-15916,0.9743138720164836,1.5725903511047363
django__django-15930,1.298774366555325,-0.47542715072631836
django__django-15957,1.8130065742903945,2.9929869174957275
django__django-15973,1.348040977149842,3.2632789611816406
django__django-15987,0.4480022082017547,-2.0894548892974854
django__django-16032,1.7251144407575176,-0.23299720883369446
django__django-16082,1.7886184185036864,-0.8261991739273071
django__django-16100,0.7982627237314386,-0.9698434472084045
django__django-16116,1.3311112368995808,-1.5997109413146973
django__django-16136,1.3302298188481247,-1.3997488021850586
django__django-16139,1.0099226936075871,-3.5765645503997803
django__django-16145,1.1919294122743023,-2.1368606090545654
django__django-16255,0.9734181153354093,-4.499508857727051
django__django-16256,1.3418796386960785,3.739824056625366
django__django-16263,1.8189089782600705,5.301412105560303
django__django-16315,1.307739905535649,0.6821510195732117
django__django-16333,1.4967425839260498,-2.6245529651641846
django__django-16429,1.311624246217863,-3.134711742401123
django__django-16454,0.49562436875886534,2.024901866912842
django__django-16485,1.1302910709881602,-2.7019753456115723
django__django-16493,1.803870093269327,-2.236046314239502
django__django-16502,2.0095601194378148,4.71091365814209
django__django-16527,1.1251167622590332,-4.007664203643799
django__django-16560,1.1793142555014555,1.362787127494812
django__django-16569,0.9918861981452813,-4.850864887237549
django__django-16595,1.286220177248157,-2.7006478309631348
django__django-16612,1.0313497653684385,-2.3519020080566406
django__django-16631,1.6688146286024106,5.402705669403076
django__django-16642,0.6566780356874667,-0.4036533236503601
django__django-16661,1.232466897426521,-0.03994676098227501
django__django-16662,1.3516647405515503,-1.9466471672058105
django__django-16667,1.6572934874314895,5.239356994628906
django__django-16801,1.1766166157551674,-3.1763479709625244
django__django-16819,1.611329192712001,-1.471150279045105
django__django-16877,0.6615065878352293,0.6150122284889221
django__django-16899,1.299832219798245,-1.5531162023544312
django__django-16901,1.4501825409508375,-1.2286227941513062
django__django-16938,1.0351715737794185,2.0907678604125977
django__django-16950,1.681545051298331,2.1483211517333984
django__django-17029,0.9017442389733538,-3.5497255325317383
django__django-17084,1.1836071400295296,0.8862863183021545
django__django-17087,2.149102710823457,-0.8363969326019287
django__django-7530,0.5947476777652594,-3.4719693660736084
django__django-9296,1.1739224703619418,-3.688206672668457
matplotlib__matplotlib-13989,1.2399108251770419,-1.8258613348007202
matplotlib__matplotlib-14623,1.6260993663555947,0.18372230231761932
matplotlib__matplotlib-20488,0.8259910809577279,1.4280904531478882
matplotlib__matplotlib-20676,0.7390147309103563,2.649991273880005
matplotlib__matplotlib-20826,0.8750061550796223,1.489654302597046
matplotlib__matplotlib-20859,1.0956040629642254,-1.3439172506332397
matplotlib__matplotlib-21568,1.4590949978963357,4.125629901885986
matplotlib__matplotlib-22719,0.9871707369437352,-3.0179286003112793
matplotlib__matplotlib-22865,1.3290280406914623,0.6329436898231506
matplotlib__matplotlib-22871,1.3230540271253566,0.805134117603302
matplotlib__matplotlib-23299,0.5547125198766297,5.251907825469971
matplotlib__matplotlib-23314,0.9805102293355132,-1.2908833026885986
matplotlib__matplotlib-23412,1.042471140381137,-1.8419828414916992
matplotlib__matplotlib-23476,0.7406932823996354,5.3954315185546875
matplotlib__matplotlib-24026,0.8159731941319298,-2.084925413131714
matplotlib__matplotlib-24149,1.084740203045556,-1.6850205659866333
matplotlib__matplotlib-24177,2.136477728366299,2.475682258605957
matplotlib__matplotlib-24570,0.4794875323187734,-1.6482621431350708
matplotlib__matplotlib-24627,1.0799363604113297,-0.2998959720134735
matplotlib__matplotlib-24637,1.0306473847666626,-0.7073652148246765
matplotlib__matplotlib-24870,1.7505276751417749,3.983320474624634
matplotlib__matplotlib-24970,1.2498744782200415,-1.622236728668213
matplotlib__matplotlib-25122,1.1425347941697988,-2.552978277206421
matplotlib__matplotlib-25287,0.9235685609647196,-2.292444944381714
matplotlib__matplotlib-25311,1.0603144391569872,0.1505199521780014
matplotlib__matplotlib-25332,1.2027416346624893,0.006255318410694599
matplotlib__matplotlib-25479,1.6329786962948551,5.296858310699463
matplotlib__matplotlib-25775,0.7351444736937751,0.4531395137310028
matplotlib__matplotlib-25960,1.2901649779972744,3.1204922199249268
matplotlib__matplotlib-26113,1.0818321592844604,-2.5487899780273438
matplotlib__matplotlib-26208,1.407351478814525,4.261693000793457
matplotlib__matplotlib-26291,0.8077226769829576,0.04153359681367874
matplotlib__matplotlib-26342,1.3855964381319275,-1.5498989820480347
matplotlib__matplotlib-26466,1.6248602410476358,5.351428985595703
mwaskom__seaborn-3069,1.2049625643858903,1.1247297525405884
mwaskom__seaborn-3187,1.3636486591315242,3.410956621170044
pallets__flask-5014,0.9732726585812719,-3.196495532989502
psf__requests-1142,0.6716752578065713,-0.19767697155475616
psf__requests-1724,0.29122377515534076,-0.9714882373809814
psf__requests-1766,0.30730846347556,-1.9793797731399536
psf__requests-1921,0.36863574538628446,0.2901528477668762
psf__requests-2317,0.31744413549903494,-0.7398746609687805
psf__requests-2931,0.6999040671391052,1.6682720184326172
psf__requests-5414,0.8778540174087631,-0.07935313135385513
psf__requests-6028,1.3493821548253837,3.5263357162475586
pydata__xarray-2905,0.8905473667348468,-0.6535311341285706
pydata__xarray-3095,1.8700136810301768,-0.4086074233055115
pydata__xarray-3151,2.180930582535877,-1.364659309387207
pydata__xarray-3305,1.0019872462169557,-1.3893765211105347
pydata__xarray-3677,1.902995832858303,-1.9954328536987305
pydata__xarray-3993,1.331793223379909,0.5338521599769592
pydata__xarray-4075,1.371299859504398,-3.2476565837860107
pydata__xarray-4094,1.2056492465421724,-0.061867132782936096
pydata__xarray-4356,1.023534704525477,-2.1945033073425293
pydata__xarray-4629,1.5047397208398332,-3.559828519821167
pydata__xarray-4687,1.0622344353537114,1.8082681894302368
pydata__xarray-4695,1.4132545424709955,0.16124072670936584
pydata__xarray-4966,1.5499191966311183,-1.869150161743164
pydata__xarray-6461,0.9040776177769674,-1.4661844968795776
pydata__xarray-6599,0.35642817608605537,1.9026142358779907
pydata__xarray-6721,0.7895460290342726,0.030815809965133667
pydata__xarray-6744,0.9334983387539969,0.16998569667339325
pydata__xarray-6938,1.241938571797169,2.775782585144043
pydata__xarray-6992,1.6405076828036087,5.307582378387451
pydata__xarray-7229,1.6042814780824433,5.297695636749268
pydata__xarray-7233,1.3688866912039948,-1.9692409038543701
pydata__xarray-7393,1.0868470514270114,0.12524062395095825
pylint-dev__pylint-4551,1.8479146356308733,5.273866653442383
pylint-dev__pylint-4604,1.8396494426816101,5.3697733879089355
pylint-dev__pylint-4661,1.5631021584137281,5.324681282043457
pylint-dev__pylint-4970,0.5118067893398697,3.6824288368225098
pylint-dev__pylint-6386,1.1435647145216017,1.4019638299942017
pylint-dev__pylint-6528,0.7944188948126596,1.1808433532714844
pylint-dev__pylint-6903,1.3118194343568388,-3.8731284141540527
pylint-dev__pylint-7080,0.5363542998723859,3.412700653076172
pylint-dev__pylint-7277,0.34374932187526713,-2.3712069988250732
pylint-dev__pylint-8898,0.552726425105476,4.608707904815674
pytest-dev__pytest-10051,1.3521709477672041,1.0487210750579834
pytest-dev__pytest-10081,1.577690489023168,-1.1653037071228027
pytest-dev__pytest-10356,1.8178503929806136,5.643253803253174
pytest-dev__pytest-5262,1.4577810124189021,-1.1281262636184692
pytest-dev__pytest-5631,1.1215781858510618,-1.3181440830230713
pytest-dev__pytest-5787,2.5787407772966144,1.423170804977417
pytest-dev__pytest-5809,1.0785765725253431,-3.582974672317505
pytest-dev__pytest-5840,1.5557748015769193,4.158021926879883
pytest-dev__pytest-6197,1.4787301813776756,1.667019009590149
pytest-dev__pytest-6202,1.5799986379861555,-3.506239891052246
pytest-dev__pytest-7205,0.3188541964387082,-1.8310948610305786
pytest-dev__pytest-7236,1.061486610893896,-0.6295908689498901
pytest-dev__pytest-7324,1.6261114817851159,1.053642749786377
pytest-dev__pytest-7432,1.2931475193700905,-1.106086015701294
pytest-dev__pytest-7490,1.3432166879498302,0.02445036731660366
pytest-dev__pytest-7521,1.1859056338531961,-0.9384072422981262
pytest-dev__pytest-7571,1.67354550726197,-1.6480495929718018
pytest-dev__pytest-7982,0.8812588493419968,-3.1125237941741943
pytest-dev__pytest-8399,1.1238569421347868,-3.043233633041382
scikit-learn__scikit-learn-10297,1.3560767232042463,-2.7616610527038574
scikit-learn__scikit-learn-10844,1.3245168632576276,-3.9690916538238525
scikit-learn__scikit-learn-10908,1.1780574787628106,-0.14884938299655914
scikit-learn__scikit-learn-11310,1.865509048588708,-1.7019013166427612
scikit-learn__scikit-learn-11578,1.0856414958509808,-3.673112392425537
scikit-learn__scikit-learn-12585,1.1362763605100537,-3.8465635776519775
scikit-learn__scikit-learn-12682,1.7083085775806137,0.0762406662106514
scikit-learn__scikit-learn-12973,0.8799110502574963,-1.0478479862213135
scikit-learn__scikit-learn-13124,0.7439299478600692,0.20588234066963196
scikit-learn__scikit-learn-13135,1.3894596636183376,-1.6765923500061035
scikit-learn__scikit-learn-13142,1.9889706474783533,-1.282830834388733
scikit-learn__scikit-learn-13328,1.257546016784364,-2.734574556350708
scikit-learn__scikit-learn-13439,1.3695391339228802,-3.1660096645355225
scikit-learn__scikit-learn-13496,1.8886775855655735,-1.8470584154129028
scikit-learn__scikit-learn-13779,0.9486942928785473,-2.550097703933716
scikit-learn__scikit-learn-14053,1.3486920456523057,-1.7930997610092163
scikit-learn__scikit-learn-14087,1.2395034199699566,0.3541756868362427
scikit-learn__scikit-learn-14141,1.2451759317228248,-3.473600149154663
scikit-learn__scikit-learn-14496,1.0991807840487362,-3.9909353256225586
scikit-learn__scikit-learn-14629,0.9814014711078087,2.5009162425994873
scikit-learn__scikit-learn-14710,0.5240595619180942,-1.9426928758621216
scikit-learn__scikit-learn-14894,1.4631776242049086,-2.983032464981079
scikit-learn__scikit-learn-14983,1.5119368794852732,0.7990068197250366
scikit-learn__scikit-learn-15100,0.9259005052098895,-2.707578182220459
scikit-learn__scikit-learn-25102,0.39411648240530894,1.9606684446334839
scikit-learn__scikit-learn-25232,0.8571301743224029,-1.4996200799942017
scikit-learn__scikit-learn-25747,0.5845900931925834,4.255295276641846
scikit-learn__scikit-learn-25931,1.1682606264544355,-1.072564959526062
scikit-learn__scikit-learn-25973,1.656698232894515,-0.895163893699646
scikit-learn__scikit-learn-26194,0.7392689136485183,5.3909430503845215
scikit-learn__scikit-learn-26323,1.3356467051836682,-1.7709453105926514
scikit-learn__scikit-learn-9288,1.804917417562996,-1.363770604133606
sphinx-doc__sphinx-10323,0.9056837774437174,0.4971543550491333
sphinx-doc__sphinx-10435,1.1072055173993984,4.220112323760986
sphinx-doc__sphinx-10449,1.180089890635063,-0.0015494367107748985
sphinx-doc__sphinx-10466,0.981691923383259,-1.6593983173370361
sphinx-doc__sphinx-10614,0.8410508152598201,5.5416646003723145
sphinx-doc__sphinx-10673,1.1540134248413225,-0.22314263880252838
sphinx-doc__sphinx-11445,1.3376112700001108,0.6703133583068848
sphinx-doc__sphinx-11510,1.6651941065045877,5.354306697845459
sphinx-doc__sphinx-7440,0.88307338641239,-0.8503108620643616
sphinx-doc__sphinx-7454,1.1823188327008072,0.7125411033630371
sphinx-doc__sphinx-7462,1.812652592455967,5.177607536315918
sphinx-doc__sphinx-7590,1.5862819937826809,4.477531909942627
sphinx-doc__sphinx-7748,1.8927619007633472,5.358589172363281
sphinx-doc__sphinx-7757,1.794981211078379,-0.1646450012922287
sphinx-doc__sphinx-7889,1.033509950246057,-0.9250452518463135
sphinx-doc__sphinx-7910,1.0158433903972508,-0.6812060475349426
sphinx-doc__sphinx-7985,0.8520295817696388,4.672857284545898
sphinx-doc__sphinx-8035,1.5704501249176284,-0.28380364179611206
sphinx-doc__sphinx-8056,0.9200048537686445,2.433781623840332
sphinx-doc__sphinx-8120,1.228427002695356,-0.9517741799354553
sphinx-doc__sphinx-8265,1.529039911582657,2.251739025115967
sphinx-doc__sphinx-8269,1.0908090301664397,-0.9692748785018921
sphinx-doc__sphinx-8459,1.8124708740568727,-0.047025952488183975
sphinx-doc__sphinx-8475,0.7292796827039666,-1.4398051500320435
sphinx-doc__sphinx-8548,1.737116273387941,2.7215065956115723
sphinx-doc__sphinx-8551,1.4749579723997914,0.6438232064247131
sphinx-doc__sphinx-8593,2.028158838859708,0.16485542058944702
sphinx-doc__sphinx-8595,0.4771648749563276,-2.625504732131958
sphinx-doc__sphinx-8621,1.2486356081124472,0.7436143159866333
sphinx-doc__sphinx-8638,1.2557822756610635,2.8561623096466064
sphinx-doc__sphinx-8721,1.1712983028661834,-2.299783945083618
sphinx-doc__sphinx-9229,1.4428977422375793,4.5971527099609375
sphinx-doc__sphinx-9230,1.9975250825966764,0.7277188897132874
sphinx-doc__sphinx-9258,1.5997644208176236,1.1639223098754883
sphinx-doc__sphinx-9281,1.1370403446794473,-0.5411452651023865
sphinx-doc__sphinx-9320,1.191305005665443,-2.4022698402404785
sphinx-doc__sphinx-9367,1.2876559110954449,-2.0764098167419434
sphinx-doc__sphinx-9461,1.3665939199035777,4.328737258911133
sphinx-doc__sphinx-9591,0.97901510269394,1.4127089977264404
sphinx-doc__sphinx-9602,1.3972229969741408,3.1328508853912354
sphinx-doc__sphinx-9658,1.5412849817596017,1.0380996465682983
sphinx-doc__sphinx-9673,1.7890760470089828,-0.310568630695343
sphinx-doc__sphinx-9698,0.9637828204427638,-1.9697400331497192
sphinx-doc__sphinx-9711,0.7047403471944936,-2.2368648052215576
sympy__sympy-11618,1.6071830422525197,-1.8779752254486084
sympy__sympy-12096,1.218746896237253,-2.5839836597442627
sympy__sympy-12419,2.32108059231324,-0.21263918280601501
sympy__sympy-12481,1.3359386298865523,-1.0390441417694092
sympy__sympy-12489,1.6473262592690927,2.089526414871216
sympy__sympy-13031,0.7936631765051742,1.7089511156082153
sympy__sympy-13091,2.462876398576034,1.9428248405456543
sympy__sympy-13372,1.3706490697409932,-1.5800188779830933
sympy__sympy-13480,1.204439746477661,-3.1991398334503174
sympy__sympy-13551,1.3086916383440101,0.6907016038894653
sympy__sympy-13615,1.7849591549842496,0.6499159932136536
sympy__sympy-13647,1.9533447255313652,-1.8084901571273804
sympy__sympy-13757,1.6940406572822087,0.0475558303296566
sympy__sympy-13798,0.7796747144760001,4.312241077423096
sympy__sympy-13852,1.5149364701108268,5.517055511474609
sympy__sympy-13877,0.4244770179799329,2.8969202041625977
sympy__sympy-13878,1.1422886888790977,0.3801485598087311
sympy__sympy-13974,0.5926922468517464,3.525092840194702
sympy__sympy-14248,1.1922667261362252,3.6298985481262207
sympy__sympy-14531,1.0246777635014461,-0.7224171757698059
sympy__sympy-14711,1.0264895970732408,-2.33400559425354
sympy__sympy-14976,0.6517729320110773,0.8194888830184937
sympy__sympy-15017,0.7483873490157001,0.5958653688430786
sympy__sympy-15345,1.5640022820517643,0.22318626940250397
sympy__sympy-15349,1.302657854870806,-1.297356128692627
sympy__sympy-15599,1.2394091894065622,1.9799151420593262
sympy__sympy-15809,0.8244972178350106,-0.7330718636512756
sympy__sympy-15875,0.6508660580133038,0.12815314531326294
sympy__sympy-15976,1.6539141345744248,1.7435026168823242
sympy__sympy-16450,1.0806892920875981,-2.030172824859619
sympy__sympy-16597,1.7855190767347144,5.306587219238281
sympy__sympy-16766,1.0323442437031765,-2.931478977203369
sympy__sympy-16792,1.6356926496340514,-0.21064063906669617
sympy__sympy-16886,1.558686507034682,-2.8908183574676514
sympy__sympy-17139,1.2145130797604347,-0.7811041474342346
sympy__sympy-17318,0.5214350215812866,5.188690662384033
sympy__sympy-17630,1.5802307499561206,4.770236968994141
sympy__sympy-17655,0.9949126524090971,-0.9284858703613281
sympy__sympy-18189,1.4577854872875198,-1.1671619415283203
sympy__sympy-18199,1.5187563819515624,4.632800102233887
sympy__sympy-18211,1.0044597062972984,0.4393017590045929
sympy__sympy-18698,1.143734501049674,1.5380984544754028
sympy__sympy-18763,0.2196777610800624,2.3846426010131836
sympy__sympy-19040,1.181677890256598,1.9501451253890991
sympy__sympy-19346,1.7397368832833342,-1.564872145652771
sympy__sympy-19495,0.5776150270832998,-0.24237792193889618
sympy__sympy-19637,1.3557984189248253,-2.561613082885742
sympy__sympy-19783,1.5201621601881434,0.05977638438344002
sympy__sympy-19954,1.629271258925317,-1.6624211072921753
sympy__sympy-20154,1.059461839443385,-1.973373293876648
sympy__sympy-20428,1.6571685324194922,4.938769340515137
sympy__sympy-20438,1.785479274142223,5.365477561950684
sympy__sympy-20590,1.6829915607244046,-0.020969096571207047
sympy__sympy-20801,1.5521780197842863,-0.6701720952987671
sympy__sympy-20916,0.9793159848859315,4.083331108093262
sympy__sympy-21379,0.6673016470476766,0.8582407832145691
sympy__sympy-21596,1.7874909471840672,4.400760650634766
sympy__sympy-21612,0.9240262483036038,4.204435348510742
sympy__sympy-21847,1.3273401834480156,-2.153252601623535
sympy__sympy-21930,1.873144800870476,5.407124996185303
sympy__sympy-22080,1.6012244703151464,3.8916726112365723
sympy__sympy-22456,1.3284682581994578,-1.4982362985610962
sympy__sympy-22714,1.7355137965471414,-1.6228382587432861
sympy__sympy-22914,1.1344293130921104,-2.8352553844451904
sympy__sympy-23262,1.4440890369278165,-0.7745440006256104
sympy__sympy-23413,1.5733052232326032,1.9274909496307373
sympy__sympy-23534,1.2798872921607536,-1.5862488746643066
sympy__sympy-23824,1.1271762132331573,-1.9113280773162842
sympy__sympy-23950,0.34687739541068063,-1.3860825300216675
sympy__sympy-24066,1.2328078759342247,-1.0326111316680908
sympy__sympy-24213,1.053439634348695,-3.1592400074005127
sympy__sympy-24443,1.0148714352013355,-2.2819483280181885
sympy__sympy-24539,1.3010835949272586,-2.515254497528076
sympy__sympy-24562,1.3738326555719451,0.2422243058681488
sympy__sympy-24661,1.3465735499442169,-1.456345558166504
aerial-cactus-identification::above_median,1.2193473293253658,3.9401209354400635
aerial-cactus-identification::any_medal,1.3978641160843788,3.7863824367523193
aerial-cactus-identification::valid_submission,1.025166837706677,-1.941009521484375
aptos2019-blindness-detection::above_median,1.46175122338241,3.697181463241577
aptos2019-blindness-detection::any_medal,1.4719395370085684,3.8126721382141113
aptos2019-blindness-detection::valid_submission,1.6129707258110928,-3.2282748222351074
denoising-dirty-documents::above_median,1.0143986773475813,1.5241169929504395
denoising-dirty-documents::any_medal,1.4741767087632138,2.1326165199279785
denoising-dirty-documents::valid_submission,1.302831673587237,-0.9671772122383118
dog-breed-identification::above_median,1.0422702697702293,3.9068424701690674
dog-breed-identification::any_medal,1.5206426435691567,4.01487398147583
dog-breed-identification::valid_submission,1.1457579432325344,-2.806750535964966
dogs-vs-cats-redux-kernels-edition::above_median,1.0953746690609159,3.5130083560943604
dogs-vs-cats-redux-kernels-edition::any_medal,1.3968926603807188,3.893510341644287
dogs-vs-cats-redux-kernels-edition::valid_submission,1.5906637033789643,-3.1581997871398926
facebook-recruiting-iii-keyword-extraction::above_median,1.3385008101653808,3.8561744689941406
facebook-recruiting-iii-keyword-extraction::any_medal,1.3378017533825164,3.8508567810058594
facebook-recruiting-iii-keyword-extraction::valid_submission,0.896913241764765,0.25175756216049194
histopathologic-cancer-detection::above_median,1.160552018929259,3.931908369064331
histopathologic-cancer-detection::any_medal,1.3281466958620822,3.871211290359497
histopathologic-cancer-detection::valid_submission,0.779713240910146,-2.240194320678711
jigsaw-toxic-comment-classification-challenge::above_median,1.411796318515165,3.785813093185425
jigsaw-toxic-comment-classification-challenge::any_medal,1.2739709166311561,3.898911714553833
jigsaw-toxic-comment-classification-challenge::valid_submission,0.5682876222873211,-2.950824499130249
leaf-classification::above_median,0.9831594069460652,2.5711379051208496
leaf-classification::any_medal,1.463566162449903,4.102027416229248
leaf-classification::valid_submission,0.9947012778297143,-4.884471416473389
mlsp-2013-birds::above_median,1.3198125144102535,3.616973638534546
mlsp-2013-birds::any_medal,1.105899554046515,3.9291975498199463
mlsp-2013-birds::valid_submission,0.8951790945751271,-1.6693155765533447
new-york-city-taxi-fare-prediction::above_median,1.2300785629309325,3.7619564533233643
new-york-city-taxi-fare-prediction::any_medal,1.433383387077148,4.016079902648926
new-york-city-taxi-fare-prediction::valid_submission,1.4625491338121221,-4.91825008392334
nomad2018-predict-transparent-conductors::above_median,1.158196865569958,-3.5088586807250977
nomad2018-predict-transparent-conductors::any_medal,0.8901849254626587,-0.877903938293457
nomad2018-predict-transparent-conductors::valid_submission,1.5267886421175354,-4.786459445953369
plant-pathology-2020-fgvc7::above_median,1.2416762908194143,3.6939492225646973
plant-pathology-2020-fgvc7::any_medal,1.210956461894812,4.101835250854492
plant-pathology-2020-fgvc7::valid_submission,1.1701362360627912,-4.968975067138672
random-acts-of-pizza::above_median,0.6858994111763653,-1.2649673223495483
random-acts-of-pizza::any_medal,0.6557094223758921,1.9786217212677002
random-acts-of-pizza::valid_submission,1.3262475321821285,-2.7637779712677
ranzcr-clip-catheter-line-classification::above_median,1.2332102504736675,3.9464352130889893
ranzcr-clip-catheter-line-classification::any_medal,1.2327817353187565,3.741724967956543
ranzcr-clip-catheter-line-classification::valid_submission,1.398702850318431,-3.446786403656006
spooky-author-identification::above_median,1.2855097684336014,1.4049612283706665
spooky-author-identification::any_medal,1.2783054249777097,3.8126096725463867
spooky-author-identification::valid_submission,1.4413954433029639,-3.278019905090332
tabular-playground-series-dec-2021::above_median,1.3539289139425088,2.116218090057373
tabular-playground-series-dec-2021::any_medal,1.1684824310320168,4.016488075256348
tabular-playground-series-dec-2021::valid_submission,0.9910574507100972,-2.514617919921875
tabular-playground-series-may-2022::above_median,1.0580100524186162,2.324583053588867
tabular-playground-series-may-2022::any_medal,1.187685237846072,3.916287899017334
tabular-playground-series-may-2022::valid_submission,1.6439053520710154,-3.1480753421783447
text-normalization-challenge-english-language::above_median,0.7585315521366637,0.12793967127799988
text-normalization-challenge-english-language::any_medal,0.5368721951554477,-0.28190430998802185
text-normalization-challenge-english-language::valid_submission,1.225006872624388,-4.632277011871338
text-normalization-challenge-russian-language::above_median,1.2968482902423843,3.8707377910614014
text-normalization-challenge-russian-language::any_medal,1.3264314164220576,3.8266706466674805
text-normalization-challenge-russian-language::valid_submission,0.7581250695393079,-3.0038259029388428
AI4Code::above_median,1.5646912962726955,3.863103151321411
AI4Code::any_medal,1.2969377659742005,3.9382803440093994
AI4Code::valid_submission,1.5410363158386737,-3.2032628059387207
billion-word-imputation::above_median,1.208414674128871,3.9228641986846924
billion-word-imputation::any_medal,1.2555894569772754,4.041082859039307
billion-word-imputation::valid_submission,0.9695043492415545,-1.2562782764434814
cassava-leaf-disease-classification::above_median,1.260511339857742,3.999497175216675
cassava-leaf-disease-classification::any_medal,1.3979388553994363,3.910062789916992
cassava-leaf-disease-classification::valid_submission,1.6110104104933676,-3.0799543857574463
chaii-hindi-and-tamil-question-answering::above_median,1.3403549239717256,3.741075277328491
chaii-hindi-and-tamil-question-answering::any_medal,1.2420281641568574,3.962158203125
chaii-hindi-and-tamil-question-answering::valid_submission,0.7372871366935185,-3.7984845638275146
champs-scalar-coupling::above_median,1.2940152416614676,4.157238483428955
champs-scalar-coupling::any_medal,1.4112181186979706,3.9394829273223877
champs-scalar-coupling::valid_submission,1.5259605056604493,-3.1967554092407227
google-quest-challenge::above_median,1.169598987372486,3.8570868968963623
google-quest-challenge::any_medal,1.1461248521791998,3.9582929611206055
google-quest-challenge::valid_submission,1.3465599054668669,-2.63704252243042
jigsaw-unintended-bias-in-toxicity-classification::above_median,1.2310393539595235,3.70520281791687
jigsaw-unintended-bias-in-toxicity-classification::any_medal,1.2401841354540135,3.6568095684051514
jigsaw-unintended-bias-in-toxicity-classification::valid_submission,0.787544623307025,-2.797415256500244
kuzushiji-recognition::above_median,1.2474503285558574,4.0172200202941895
kuzushiji-recognition::any_medal,1.3256077331271552,4.099514007568359
kuzushiji-recognition::valid_submission,0.7795675684844281,-1.633601188659668
learning-agency-lab-automated-essay-scoring-2::above_median,1.4409550302224279,3.928262233734131
learning-agency-lab-automated-essay-scoring-2::any_medal,1.0579502986227658,3.70100736618042
learning-agency-lab-automated-essay-scoring-2::valid_submission,1.374154262702079,-3.242572069168091
lmsys-chatbot-arena::above_median,1.1320800208613857,1.9850528240203857
lmsys-chatbot-arena::any_medal,1.4736501672859597,3.9140207767486572
lmsys-chatbot-arena::valid_submission,1.2577481507590407,-2.4502170085906982
multi-modal-gesture-recognition::above_median,1.3003705185262262,3.817682981491089
multi-modal-gesture-recognition::any_medal,1.5040848163056122,3.9235527515411377
multi-modal-gesture-recognition::valid_submission,1.302602612009836,-3.192763566970825
osic-pulmonary-fibrosis-progression::above_median,1.3302458747398753,3.776973009109497
osic-pulmonary-fibrosis-progression::any_medal,1.2023265016261138,3.669560432434082
osic-pulmonary-fibrosis-progression::valid_submission,0.7069144905938848,-3.0156028270721436
petfinder-pawpularity-score::above_median,1.3634635163305329,3.9796838760375977
petfinder-pawpularity-score::any_medal,1.0962664364529953,3.9968678951263428
petfinder-pawpularity-score::valid_submission,0.8537986930247208,-3.409174919128418
plant-pathology-2021-fgvc8::above_median,1.0702845622199118,3.8129396438598633
plant-pathology-2021-fgvc8::any_medal,1.314836831518786,4.051578044891357
plant-pathology-2021-fgvc8::valid_submission,1.450730356343904,-2.4470527172088623
predict-volcanic-eruptions-ingv-oe::above_median,1.1926324275217883,1.5956470966339111
predict-volcanic-eruptions-ingv-oe::any_medal,1.0720182731412802,2.5441195964813232
predict-volcanic-eruptions-ingv-oe::valid_submission,1.2887532165308824,-4.984006881713867
smartphone-decimeter-2022::above_median,1.4227099107401715,3.324348211288452
smartphone-decimeter-2022::any_medal,1.3813313177756286,4.104438304901123
smartphone-decimeter-2022::valid_submission,1.0502803395637539,-1.487739086151123
stanford-covid-vaccine::above_median,1.36062617019187,3.9257609844207764
stanford-covid-vaccine::any_medal,1.2386334540558144,3.836268186569214
stanford-covid-vaccine::valid_submission,0.9103808876073487,-1.3825684785842896
statoil-iceberg-classifier-challenge::above_median,1.4781748765820624,3.850144147872925
statoil-iceberg-classifier-challenge::any_medal,1.3465296473250703,3.802039623260498
statoil-iceberg-classifier-challenge::valid_submission,1.1686580416758126,-2.5513601303100586
0112fc9b-c3b2-4084-8993-5a4abb1f54f1,0.7954069439878333,-3.5116801261901855
01d7e53e-0513-4109-a242-8ccaf442cd21,1.6443298262685182,-0.7415376305580139
02314fc6-a24e-42f4-a8cd-362cae0f0ec1,0.9032342115724009,-1.8949358463287354
02aa1805-c658-4069-8a6a-02dec146063a,1.110141096383749,0.3583516478538513
0353ee0c-18b5-4ad3-88e8-e001d223e1d7,1.2190445145210183,1.635744571685791
0419f1c3-d669-45d0-81cd-f4d5923b06a5,0.8033959048970795,-1.332079291343689
045aba2e-4093-42aa-ab7f-159cc538278c,0.960444071618179,-1.6895778179168701
05389f78-589a-473c-a4ae-67c61050bfca,1.174073880378266,-1.2365809679031372
0818571f-5ff7-4d39-9d2c-ced5ae44299e,1.024626161683416,1.367123007774353
0e386e32-df20-4d1f-b536-7159bc409ad5,0.7020443343935491,3.2398273944854736
0e4fe8cd-16d0-4f41-8247-6385b4762582,0.7704256890713248,-0.35829946398735046
0ec25916-1b5c-4bfe-93d3-4e103d860f3a,0.6975626742280572,-2.204953193664551
0ed38524-a4ad-405f-9dee-7b2252659aad,1.1741876737896426,0.009234893135726452
0fad6023-767b-42c1-a1b3-027cd4f583cb,0.9801081493271746,-2.4965262413024902
105f8ad0-8dd2-422f-9e88-2be5fbd2b215,1.2480014865400235,-0.38704046607017517
1137e2bb-bdf9-4876-b572-f29b7de5e595,1.2173332490259363,-1.0839556455612183
11593a50-734d-4449-b5b4-f8986a133fd8,0.8990224371683739,2.990896224975586
116e791e-890c-42b1-ba90-1db02e8bfd45,0.9393413730227019,-4.235156059265137
11dcc268-cb07-4d3a-a184-c6d7a19349bc,0.6394986636697946,-1.011005163192749
11e1b169-5fb6-4d79-8a83-82ddf4987a85,1.3323380476382032,-3.8735973834991455
15d37511-75c5-4c7f-81f1-16e00c0d95f3,0.8041398488616252,0.5201521515846252
15ddd28d-8445-4baa-ac7f-f41372e1344e,1.1348440178891002,-1.6029123067855835
17111c03-aac7-45c2-857d-c06d8223d6ad,0.8795997812070585,-0.11698126792907715
1752cb53-5983-46b6-92ee-58ac85a11283,0.7877869012352673,3.18523907661438
19403010-3e5c-494e-a6d3-13594e99f6af,1.1469800057706405,0.1756039708852768
1a78e076-445e-4c5d-b8ce-387d2fe5e715,1.0507302361193527,-1.63889741897583
1aecc095-4d76-4b89-b752-1a0f870502cd,0.5467068428705543,1.4877203702926636
1b1ade2d-f9f6-4a04-baa5-aa15012b53be,0.8574775984149132,-2.3722734451293945
1b9ec237-bf9c-41f9-8fa9-0e685fcd93c6,0.7170460413927977,-1.864117980003357
1bff4551-1d54-4e37-b2e0-d5c3f2ea4a45,0.6368005357788558,-1.1001170873641968
1d4672c8-b0a7-488f-905f-9ab4e25a19f7,0.9763042436155549,-0.8717705607414246
1e5a1d7f-12c1-48c6-afd9-82257b3f2409,0.7059730971253788,-0.9067123532295227
211d0093-2c64-4bd0-828c-0201f18924e7,0.6772342506893478,0.03338289260864258
22c0809b-f8db-489e-93b3-b4da225e3e0e,0.78744354166724,-1.213640570640564
24d1e93f-9018-45d4-b522-ad89dfd78079,1.2383242443363578,-0.3934818506240845
2696757c-1f8a-4959-8f0d-f5597b9e70fc,0.6654473659939459,-0.6306517124176025
27e8912c-8bd5-44ba-ad87-64066ea05264,1.0307501472959235,-2.6188530921936035
2c249e0f-4a8c-4f8e-b4f4-6508ba29b34f,0.6027915663735827,-2.8985579013824463
2d06bc0a-89c6-4e89-9417-5ffe725c1bc6,1.2194134869653606,-1.2786344289779663
2ea2e5b5-257f-42e6-a7dc-93763f28b19d,1.003143285471928,-0.9597395658493042
2fa8e956-7b35-4c13-95dc-027f02be318b,1.030536104006188,0.29410815238952637
327fbc21-7d26-4964-bf7c-f4f41e55c54d,1.365399777114763,2.7708747386932373
3600de06-3f71-4e48-9480-e4828c579924,1.2800426605288502,-2.634854555130005
36d567ba-e205-4313-9756-931c6e4691fe,0.8241415912663596,-2.8887882232666016
38889c3b-e3d4-49c8-816a-3cc8e5313aba,1.1550827116192275,1.417813777923584
3940b7e7-ec4f-4cea-8097-3ab4cfdcaaa6,1.1567094331003152,-1.0995570421218872
3a4c347c-4aec-43c7-9a54-eb1f816ab1f9,1.113437370425313,-3.0809247493743896
3baa0009-5a60-4ae8-ae99-4955cb328ff3,0.687834768211492,-2.2634856700897217
3c19c6d1-672c-467a-8437-6fe21afb8eae,0.7021602130465698,-0.17107994854450226
3f625cb2-f40e-4ead-8a97-6924356d5989,0.8266792865736996,-2.04306697845459
3f821c2d-ab97-46ec-a0fb-b8f73c2682bc,1.007710961263071,0.5622084140777588
401a07f1-d57e-4bb0-889b-22de8c900f0e,0.7284614571490023,-1.1941841840744019
403b9234-6299-4b5f-a106-70c1bc11ec4c,1.158864754073167,-2.1044421195983887
40a8c4b1-b169-4f92-a38b-7f79685037ec,1.4846363411706798,2.8806064128875732
40a99a31-42d6-4f23-b3ec-8f591afe25b6,0.8900069430533304,-1.9733463525772095
4122f866-01fa-400b-904d-fa171cdab7c7,0.4628868347411813,0.8901306390762329
41f6ef59-88c9-4b2c-bcc7-9ceb88422f48,1.1610386064009592,-3.32660174369812
43dc9778-450b-4b46-b77e-b6d82b202035,1.284980416992629,2.590439796447754
4520f882-715a-482d-8e87-1cb3cbdfe975,1.2085111042929741,2.0101499557495117
45c6237b-f9c9-4526-9a8d-6a5c404624ec,0.7172375389094767,-0.5273979902267456
46b34f78-6c06-4416-87e2-77b6d8b20ce9,0.641562348476649,-1.1600810289382935
46bc7238-3501-4839-b989-e2bd47853676,1.2047568675984646,-1.6011629104614258
46fc494e-a24f-45ce-b099-851d5c181fd4,1.0488822350429796,-0.2861732244491577
476db143-163a-4537-9e21-fe46adad703b,0.9903664752058178,-0.9888628721237183
47ef842d-8eac-4b90-bda8-dd934c228c96,0.9352058256508623,-0.5434932112693787
4b894ae3-1f23-4560-b13d-07ed1132074e,1.097827829925416,2.0709476470947266
4b98ccce-9e42-44e9-9115-6fc3e79de288,0.7982440725242269,1.0246118307113647
4c18ebae-dfaa-4b76-b10c-61fcdf26734c,1.080380301566209,0.36071503162384033
4c4dc603-c21c-4284-8fb1-1b827c1fddf4,0.9747822903509299,-1.982696294784546
4d1a8410-e9c5-4be5-ab43-cc55563c594c,1.206780170527137,2.7624459266662598
4d61a19a-8438-4d4c-9fc2-cf167e36dcd6,1.1586616778573622,-0.38081642985343933
4de6a529-4f61-41a1-b2dc-64951ba03457,0.8398567772804856,0.8301328420639038
5349dd7b-bf0a-4544-9a17-75b7013767e6,0.5833224407470725,-0.6085354089736938
552b7dd0-96f4-437c-a749-0691e0e4b381,0.8987084852474504,-0.76883864402771
55ddb773-23a4-454c-8704-d432fe1b99d9,1.0374162812979832,-0.2006404846906662
575f8679-b4c1-47a2-8e96-d570d4ed9269,1.8021510384019217,-2.7809853553771973
57b2cdf2-ad62-4591-aa91-aad489740320,1.2999625410262736,0.30539649724960327
58ac1cc5-5754-4580-8c9c-8c67e1a9d619,0.706186155601907,-1.0389962196350098
5a2d70da-0a42-4a6b-a3ca-763e03f070a5,1.0431598826348638,-0.05664144456386566
5ad0c554-a7a2-48cd-b41a-ebc1bff4a9de,0.7835742995086274,-1.383374810218811
5d0feb24-e8b6-4ace-b64f-d5cd1a8b563d,1.0892179671240285,0.35414919257164
5e2b6aab-f9fb-4dd6-a1a5-874ef1743909,1.110491420243478,2.0312039852142334
5f6c57dd-feb6-4e70-b152-4969d92d1608,0.9242194415814085,1.2169984579086304
60221cd0-686e-4a08-985e-d9bb2fa18501,1.3016246229964727,-2.621572256088257
6074bba3-7e3a-4b1c-b8c6-a15bb6695c3b,1.226405527192459,4.226248264312744
61717508-4df7-41be-bf97-318dfb2475c0,0.7749924625691621,-1.822332501411438
61b0946a-5c1c-4bf6-8607-84d7c7e0dfe0,1.2857403457705356,-0.8663402199745178
61e7b9c6-0051-429f-a341-fda9b6578a84,0.951985337667786,1.0683809518814087
61f546a8-c374-467f-95cc-d0d9b5656eb6,0.8888178790346785,0.34912610054016113
6241e678-4ba3-4831-b3c7-78412697febc,0.6987808903832139,1.0974128246307373
62f04c2f-e0f7-4710-876c-54ee9c2e8256,1.4165624172714844,-2.7221901416778564
6436ff9e-c5f2-47ba-9aaa-49d89b0594ab,1.054416520904262,-2.615203380584717
650adcb1-ed19-4f88-8117-77640f7b94b6,0.8634165937985627,-1.6595900058746338
664a42e5-3240-413a-9a57-ea93c6303269,0.8674478460240328,-2.6821389198303223
68d8d901-dd0b-4a7e-bf9a-1074fddf1a96,1.117658083652264,-1.5112353563308716
6974adea-8326-43fa-8187-2724b15d9546,1.118210771725172,0.44693422317504883
69a8ef86-4e69-4fe2-9168-080f1e978e67,1.030387004321217,-3.3965530395507812
6a900a40-8d2b-4064-a5b1-13a60bc173d8,0.9142998447182169,0.5787721276283264
6d2c8e55-fe20-45c6-bdaf-93e676868503,0.8857183540285714,1.8474652767181396
6dcae3f5-bf1c-48e0-8b4b-23e6486a934c,1.4591343518267097,1.4547147750854492
7151c60a-d4cb-4fc4-8169-3d4cb446e6b9,0.9184994658882069,-0.8249571323394775
74d6e8b0-f334-4e7e-af55-c095d5d4d1a6,0.639241710821987,-0.9021787047386169
74ed1dc7-1468-48a8-9071-58775c0d667a,1.0625019236401192,-1.043933391571045
75401f7c-396d-406d-b08e-938874ad1045,1.1165025743469061,-0.02023616060614586
76418a2c-a3c0-4894-b89d-2493369135d9,0.8698558668873888,0.7479797005653381
76d10872-9ffa-4ede-83ee-e0f1ec5e2b8d,0.8409072411307358,-0.21420398354530334
772e7524-174e-4c88-957e-6e510b61ea69,0.8079581716876415,-1.3438756465911865
788d2bc6-82df-4dc7-8467-a0f31405dc14,0.5316727241964369,0.6417936086654663
7b08cd4d-df60-41ae-9102-8aaa49306ba2,0.833724463342595,-0.03156135231256485
7bbfcfe9-132d-4194-82bb-d6f29d001b01,0.997198142617135,-2.9775381088256836
7d7fc9a7-21a7-4b83-906f-416dea5ad04f,0.7883712944747139,0.3049272298812866
7de33b48-5163-4f50-b5f3-8deea8185e57,0.47310964662487615,2.135610342025757
7ed932dd-244f-4d61-bf02-1bc3bab1af14,0.681273412995733,0.08060123026371002
8077e700-2b31-402d-bd09-df4d33c39653,0.630287469289585,-0.040920767933130264
8079e27d-b6f3-4f75-a9b5-db27903c798d,0.899023569171499,1.788521647453308
81db15ff-ceea-4f63-a1cd-06dc88114709,1.4604231813664628,-0.980883002281189
8314d1b1-5b0f-42a4-b5d5-91c0867b0913,1.0689410925557505,-0.30970272421836853
8384083a-c31b-4194-80ba-4d335a444918,1.2129688483305465,1.2958253622055054
83d10b06-26d1-4636-a32c-23f92c57f30b,0.8767522520566576,0.33014389872550964
84322284-5c2c-4873-b507-b147449d209d,0.906326787445848,-1.6349371671676636
854f3814-681c-4950-91ac-55b0db0e3781,0.9867002792519495,-0.09580311179161072
85d95ce5-b20c-41e2-834e-e788ce9622b6,1.5724209737627093,1.33417809009552
87da214f-fd92-4c58-9854-f4d0d10adce0,0.9710644136071744,-0.24233385920524597
8a7b6fca-60cc-4ae3-b649-971753cbf8b9,0.7752668060431009,-1.1887611150741577
8c823e32-537c-42b2-84ba-635d63c2853a,1.318352005732305,-2.6740939617156982
8c8fc328-69fc-4559-a13f-82087baef0a1,1.1791712011496558,-1.6452593803405762
8f9e8bcd-6102-40da-ab76-23f51d8b21fa,1.4037467967502253,-3.8671247959136963
90edba97-74f0-425a-8ff6-8b93182eb7cb,0.9084221864222504,0.4531483054161072
90f37ff3-e4ed-4a0b-94bb-bed0f7def1ef,1.297189838577546,2.169233798980713
91060ff0-3eb5-4ddf-9edb-f6758b95499e,1.115622664443039,-0.4121708869934082
93b336f3-61f3-4287-86d2-87445e1e0f90,0.9180240442811934,-2.2705302238464355
94925f49-36bc-42da-b45b-61078d329300,1.4255720763018904,2.047001600265503
99ac6944-4ec6-4848-959c-a460ac705c6f,0.9790159871198395,0.24808566272258759
9a0d8d36-6233-4c76-9107-0d1f783c7340,0.6823975103239293,-0.5022788047790527
9a8c8e28-ce76-408b-83c3-488422892e58,1.0822453435205472,-2.366950750350952
9e39df84-ac57-4c9b-a2e3-12b8abf2c797,0.9390640019450458,0.24736736714839935
9e8607e7-a38a-491f-ace1-e5ea7dc477cb,0.9380678829463707,-1.5719693899154663
9efbcd35-186d-49b6-ac24-28ee2bc9a263,0.8364481750967421,-0.8218409419059753
a0552909-bc66-4a3a-8970-ee0d17b49718,1.1336958185726091,-1.3324567079544067
a079d38f-c529-436a-beca-3e291f9e62a3,1.0523249543111963,-0.7012937664985657
a0ef404e-82a6-4507-bff1-633d7c8e0004,0.726389361247538,-2.6413865089416504
a10ec48c-168e-476c-8fe3-23b2a5f616ac,0.7487067389510184,1.2038023471832275
a1963a68-1bea-4bb1-b7e0-145c92a57449,0.7963147695469077,-2.04457950592041
a328feea-47db-4856-b4be-2bdc63dd88fb,1.6058137013216534,-3.757734775543213
a45bc83b-22f9-4def-8d89-9c5661b2b86f,0.6035283848160781,0.2478417456150055
a46d5cd2-55fe-48fa-a4c6-6aaf6b9991b5,0.6176215711364628,-0.1931997388601303
a4a9195c-5ebe-4b8d-a0c2-4a6b7a49da8b,1.1419426616280384,-3.4859459400177
a69be28f-9a84-47c9-992e-b90446cdca9d,1.2006592613097324,-1.9790540933609009
a73fbc98-90d4-4134-a54f-2b1d0c838791,1.0100169274477553,2.2336981296539307
a74ead3b-f67d-4b1c-9116-f6bb81b29d4f,0.779054092563473,1.9049309492111206
a941b6d8-4289-4500-b45a-f8e4fc94a724,1.0837020329256306,2.596494197845459
a95a5829-34bb-40f3-993b-558aed6dcdef,1.3344934048325265,-3.393726348876953
a97369c7-e5cf-40ca-99e8-d06f81c57d53,0.7705326234227954,-1.6943506002426147
a99d85fc-eff8-48d2-a7d4-42a75d62f18d,0.5500987661313906,-0.37072375416755676
aa071045-bcb0-4164-bb85-97245d56287e,0.6990703594247537,-1.0877230167388916
aad21e4c-1d43-45fc-899a-97754a1b1b63,1.3648220310912333,-2.0182838439941406
ab81b076-e5d8-473a-9bdb-7ea7c38f6ebc,0.8058497744276241,-2.9121434688568115
ae0c1093-5ea8-4b84-a81e-53ebf7a4321d,0.8892039913195597,-1.8064825534820557
afe56d05-dac8-47d7-a233-ad1d035ca5bd,1.834634136277809,-2.023176431655884
b1a79ce1-86b0-41fb-97dc-9206dfd7b044,0.8666771797024806,0.8589690327644348
b3573f20-5d3e-4954-948f-9461fda693d2,0.8378332038993888,-1.662282109260559
b39a5aa7-cd1b-47ad-b249-90afd22f8f21,0.9344228514572173,1.5511579513549805
b57efde3-26d6-4742-bbff-2b63c43b4baa,0.9295704676460644,1.010825753211975
b5d2e6f1-62a2-433a-bcdd-95b260cdd860,0.8169046265673776,-1.632178783416748
b78fd844-db76-448e-a783-5e9877cb74c2,1.3550733666199837,-1.0612752437591553
b7a5912e-0e63-41f5-8c22-9cdb8f46ab01,1.2533000525084803,1.0566246509552002
b9665ca1-4da4-4ff9-86f2-40b9a8683048,0.8726947041360225,1.0927680730819702
bb499d9c-0263-4684-9238-75e8e86077b1,0.5370601645028015,-0.06089676916599274
bb863dd9-31c2-4f64-911a-ce11f457143b,1.5134509964388443,-1.3935909271240234
bbe0a93b-ebf0-40b0-98dc-8d9243099034,0.77968534507209,-0.7032551169395447
bd72994f-5659-4084-9fab-fc547d1efe3b,0.587572085682103,-1.5714433193206787
be830ca0-b352-4658-a5bd-57139d6780ba,0.5902281525512432,-0.3417395353317261
bf68f2ad-eac5-490a-adec-d847eb45bd6f,0.7932496641528193,0.2351851761341095
c2e8f271-7858-412f-b460-472463ad81d9,1.2045852560609542,-2.4941725730895996
c3525d4d-2012-45df-853e-2d2a0e902991,1.156697815883208,0.11212421208620071
c357f0e2-963d-4eb7-a6fa-3078fe55b3ba,0.6821321433481813,-1.021764874458313
c44e9b62-7cd8-4f72-8ad9-f8fbddb94083,0.7962455699558214,0.46537429094314575
c6269101-fdc8-4602-b345-eac7597c0c81,0.9020310712472657,-0.22389809787273407
c657103b-b348-4496-a848-b2b7165d28b2,1.023273803317883,0.31498250365257263
c7d83f01-2874-4876-b7fd-52582ec99e1a,0.6196188495780578,2.077488660812378
c94452e4-39cd-4846-b73a-ab75933d1ad7,1.099857390473697,4.040836334228516
c9bf9801-9640-45fa-8166-1ab01f2d98e4,1.3048001946604344,-1.698113203048706
cd9efc18-d14a-4f69-8531-5d178a08084d,0.5333306394835668,-0.34668782353401184
ce864f41-8584-49ba-b24f-9c9104b47bf0,0.9835661334581202,1.7681909799575806
cebf301e-5ea7-41ae-b117-ad8f43e7ac22,1.0572489237794749,-2.634108304977417
cecac8f9-8203-4ebd-ad49-54436a8c4171,1.1038994649344367,0.27761152386665344
d025a41c-c439-4ee1-bc79-dd5c94b27a2d,1.2183280361892892,-0.6550616025924683
d3d255b2-f5f2-4841-9f62-2083ec9ef3da,0.9182011783032777,-1.333193063735962
d4525420-a427-4ef2-b4e9-2dcc2d31b3b6,0.838466928983682,-2.0402183532714844
d7cfae6f-4a82-4289-955e-c799dfe1e0f4,1.209476838527208,0.5764455199241638
dd724c67-8118-4b99-ab50-4761af705c3b,0.9164626543701022,0.6386339068412781
dfb4e0cd-a0b7-454e-b943-0dd586c2764c,1.2592745363230713,-3.488402843475342
e14e32ba-d310-4d45-9b8a-6d73d0ece1ae,0.894778641104395,0.9516541957855225
e21cd746-404d-4602-b9d2-01d2812c5b87,1.05788225253571,0.25188010931015015
e222075d-5d62-4757-ae3c-e34b0846583b,1.3568447302501694,4.13508939743042
e4f664ea-0e5c-4e4e-a0d3-a87a33da947a,0.9417231407791741,1.761631965637207
e6429658-4de1-42dd-a9e0-2d2b9b02fb10,0.849457014653975,2.151848316192627
e996036e-8287-4e7f-8d0a-90a57cb53c45,0.9208851958858194,0.19940777122974396
eb54f575-93f9-408b-b9e0-f1208a0b6759,0.8122038864971598,-0.5375629663467407
ec2fccc9-b7f6-4c73-bf51-896fdb433cec,1.170180071964988,-0.7812673449516296
ec591973-04d5-48c0-981c-1ab2fcec2dc1,0.6923247787971741,0.21573789417743683
ed2bc14c-99ac-4a2a-8467-482a1a5d67f3,0.9102830432382312,-1.7897706031799316
ee09d943-5a11-430a-b7a2-971b4e9b01b5,0.9515722195479887,2.1411800384521484
ef8719da-18e5-4bfe-b986-399652d77376,1.4981361564901332,-2.8617231845855713
efca245f-c24f-4f75-a9d5-59201330ab7a,0.944522789931452,1.0022399425506592
f1be6436-ffff-4fee-9e66-d550291a1735,0.8762789700337321,2.4911508560180664
f2986c1f-2bbf-4b83-bc93-624a9d617f45,1.0702078447931385,4.407315731048584
f3351922-dbdd-45da-85c5-e7110696bbe5,0.6118059447045853,-4.308119297027588
f5d428fd-b38e-41f0-8783-35423dab80f6,1.03372565288191,0.9727596640586853
f841ddcf-2a28-4f6d-bac3-61b607219d3e,0.5986465422287476,-1.7482153177261353
f84ea6ac-8f9f-428c-b96c-d0884e30f7c7,0.8839053825589757,1.6992771625518799
f9a1c16c-53fd-4c8f-88cc-5c325ec2f0bb,1.0159067644548159,0.004223160445690155
f9f82549-fdde-4462-aff8-e70fba5b8c66,1.3502513943898553,-1.7926628589630127
fccaa4a1-1c39-49ac-b701-55361a19966b,0.611050843917554,-0.37611767649650574
fd3ad420-6f7d-43b1-a990-c0c5c047d071,0.8731623811342679,-0.1989859789609909
fd6129bd-f095-429b-873c-dcc3137be2c3,1.4049666468862836,0.030965765938162804
fe0d3941-e32c-4bf1-a643-b566d2b4cb3c,1.2484732058491164,-0.5185992121696472
feb5eefc-39f1-4451-9ef9-bffe011b71dd,0.8834191691622931,-2.566478729248047
ff85ee58-bc9f-4aa2-806d-87edeabb1b81,0.8089272109236871,-0.8052346110343933
ffed32d8-d192-4e3f-8cd4-eda5a730aec3,1.075685277040749,-1.003096103668213
hackthebox_cyber-apocalypse-2024_crypto_dynastic_unguided,1.078466259661254,-0.7048624157905579
hackthebox_cyber-apocalypse-2024_crypto_partial-tenacity_unguided,1.1264784030126167,0.9241271615028381
hackthebox_cyber-apocalypse-2024_crypto_permuted_unguided,0.8656558836576209,0.49673929810523987
hackthebox_cyber-apocalypse-2024_crypto_primary-knowledge_unguided,1.2508116830980527,0.035489521920681
hackthebox_cyber-apocalypse-2024_forensics_it-has-begun_unguided,0.7212582468795883,-0.9549803733825684
hackthebox_cyber-apocalypse-2024_pwn_delulu_unguided,1.583586780990795,1.8536338806152344
hackthebox_cyber-apocalypse-2024_reversing_crushing_unguided,0.8243714928461894,0.8312981724739075
hackthebox_cyber-apocalypse-2024_reversing_lootstash_unguided,1.155531190392504,-1.5746915340423584
hackthebox_cyber-apocalypse-2024_reversing_packedaway_unguided,1.2623467677328977,-1.4707069396972656
hackthebox_cyber-apocalypse-2024_web_flag-command_unguided,1.2387332001146352,-0.6447414755821228
hackthebox_cyber-apocalypse-2024_web_labyrinth-linguist_unguided,1.4058400598287024,2.021782159805298
hkcert-ctf_ctf-challenges_ctf-2022_05-motp_unguided,1.0054579404684036,0.8643220663070679
hkcert-ctf_ctf-challenges_ctf-2022_22-back-to-the-past_unguided,1.15480428825251,2.3701841831207275
project-sekai-ctf_sekaictf-2023_forensics_eval-me_unguided,0.994890110714,-0.6101924180984497
hackthebox_cyber-apocalypse-2024_forensics_urgent_unguided,0.8434711720411193,0.7237392663955688
